db_type,host,port,database,schema_name,table_count,column_count,relationship_count,table_name,table_description,table_row_count,column_name,data_type,kind,column_description,row_count,not_null_count,null_count,null_percent,distinct_count,distinct_percent,duplicate_count,entropy,top_values,sample_values,numeric_stats,text_stats,date_stats,boolean_stats
postgres,localhost,5432,ehs_client,public,6,30,5,audit_checks,"The audit_checks table represents a record of audits performed across various sites. It stores information about the audit date, auditor, and audit score, which are crucial for evaluating the effectiveness of internal controls and identifying areas for improvement. This table is typically used in analytics and business workflows to track compliance and risk management efforts.",1000,audit_pk,integer,numeric,"The audit_pk column represents a unique identifier for each audit record, enabling efficient data retrieval and analysis. It stores integer values, which are used to track audit records and facilitate data aggregation. This column is crucial for evaluating audit effectiveness and identifying areas for improvement.",1000,1000,0,0.0,1000,100.0,0,5.643856,"[{""value"": 273, ""count"": 1}, {""value"": 51, ""count"": 1}, {""value"": 652, ""count"": 1}]","[1, 2, 3, 4, 5, 6, 7, 8, 9, 10, 11, 12, 13, 14, 15, 16, 17, 18, 19, 20]","{""min"": 1, ""max"": 1000, ""avg"": 500.5, ""sum"": 500500.0, ""stddev"": 288.67499025721, ""p25"": 250.75, ""median"": 500.5, ""p75"": 750.25, ""iqr"": 499.5, ""range"": 999.0, ""zero_count"": 0, ""negative_count"": 0}",{},{},{}
postgres,localhost,5432,ehs_client,public,6,30,5,audit_checks,"The audit_checks table represents a record of audits performed across various sites. It stores information about the audit date, auditor, and audit score, which are crucial for evaluating the effectiveness of internal controls and identifying areas for improvement. This table is typically used in analytics and business workflows to track compliance and risk management efforts.",1000,site_fk,integer,numeric,"The site_fk column represents the site affiliation of each audit record, enabling organizations to track audit activities across different sites. It stores integer values, which are used to link audit records to site-level data and facilitate data analysis. This column is essential for evaluating site-level compliance and risk management efforts.",1000,1000,0,0.0,1000,100.0,0,5.643856,"[{""value"": 273, ""count"": 1}, {""value"": 51, ""count"": 1}, {""value"": 652, ""count"": 1}]","[2, 3, 4, 5, 6, 7, 8, 9, 10, 11, 12, 13, 14, 15, 16, 17, 18, 19, 20, 21]","{""min"": 1, ""max"": 1000, ""avg"": 500.5, ""sum"": 500500.0, ""stddev"": 288.67499025721, ""p25"": 250.75, ""median"": 500.5, ""p75"": 750.25, ""iqr"": 499.5, ""range"": 999.0, ""zero_count"": 0, ""negative_count"": 0}",{},{},{}
postgres,localhost,5432,ehs_client,public,6,30,5,audit_checks,"The audit_checks table represents a record of audits performed across various sites. It stores information about the audit date, auditor, and audit score, which are crucial for evaluating the effectiveness of internal controls and identifying areas for improvement. This table is typically used in analytics and business workflows to track compliance and risk management efforts.",1000,audit_dt,date,datetime,"The audit_dt column represents the date of each audit record, enabling organizations to track audit activities over time. It stores date values, which are used to analyze audit trends and identify areas for improvement. This column is crucial for evaluating audit effectiveness and informing strategic planning.",1000,1000,0,0.0,365,36.5,635,5.643856,"[{""value"": ""2025-11-24"", ""count"": 3}, {""value"": ""2025-10-22"", ""count"": 3}, {""value"": ""2025-05-22"", ""count"": 3}]","[""2026-01-21"", ""2026-01-20"", ""2026-01-19"", ""2026-01-18"", ""2026-01-17"", ""2026-01-16"", ""2026-01-15"", ""2026-01-14"", ""2026-01-13"", ""2026-01-12"", ""2026-01-11"", ""2026-01-10"", ""2026-01-09"", ""2026-01-08"", ""2026-01-07"", ""2026-01-06"", ""2026-01-05"", ""2026-01-04"", ""2026-01-03"", ""2026-01-02""]",{},{},"{""min_date"": ""2025-01-23"", ""max_date"": ""2026-01-22"", ""range_days"": 364, ""weekday_distribution"": {""Thursday"": 144, ""Tuesday"": 143, ""Wednesday"": 143, ""Sunday"": 143, ""Monday"": 143, ""Saturday"": 142, ""Friday"": 142}, ""most_common_weekday"": ""Thursday"", ""month_distribution"": {""5"": 93, ""10"": 93, ""7"": 93, ""8"": 93, ""12"": 93, ""11"": 90, ""6"": 90, ""9"": 90, ""1"": 83, ""4"": 64, ""3"": 62, ""2"": 56}, ""most_common_month"": 5, ""weekend_count"": 285}",{}
postgres,localhost,5432,ehs_client,public,6,30,5,audit_checks,"The audit_checks table represents a record of audits performed across various sites. It stores information about the audit date, auditor, and audit score, which are crucial for evaluating the effectiveness of internal controls and identifying areas for improvement. This table is typically used in analytics and business workflows to track compliance and risk management efforts.",1000,auditor,character varying,text,"The auditor column represents the individual responsible for each audit record, enabling organizations to track audit activities and identify areas for improvement. It stores character varying values, which are used to capture audit-related information and facilitate data analysis. This column is essential for evaluating audit effectiveness and informing talent development strategies.",1000,1000,0,0.0,50,5.0,950,5.643856,"[{""value"": ""Auditor_9"", ""count"": 20}, {""value"": ""Auditor_15"", ""count"": 20}, {""value"": ""Auditor_24"", ""count"": 20}]","[""Auditor_1"", ""Auditor_2"", ""Auditor_3"", ""Auditor_4"", ""Auditor_5"", ""Auditor_6"", ""Auditor_7"", ""Auditor_8"", ""Auditor_9"", ""Auditor_10"", ""Auditor_11"", ""Auditor_12"", ""Auditor_13"", ""Auditor_14"", ""Auditor_15"", ""Auditor_16"", ""Auditor_17"", ""Auditor_18"", ""Auditor_19"", ""Auditor_20""]",{},"{""min_length"": 9, ""max_length"": 10, ""avg_length"": 9.8, ""empty_string_count"": 0, ""digit_only_count"": 0, ""alpha_only_count"": 0, ""alnum_only_count"": 0, ""email_like_count"": 0}",{},{}
postgres,localhost,5432,ehs_client,public,6,30,5,audit_checks,"The audit_checks table represents a record of audits performed across various sites. It stores information about the audit date, auditor, and audit score, which are crucial for evaluating the effectiveness of internal controls and identifying areas for improvement. This table is typically used in analytics and business workflows to track compliance and risk management efforts.",1000,audit_score,integer,numeric,"The audit_score column represents the score assigned to each audit record, enabling organizations to evaluate audit effectiveness and identify areas for improvement. It stores integer values, which are used to track audit scores and facilitate data analysis. This column is crucial for evaluating audit effectiveness and informing strategic planning.",1000,1000,0,0.0,100,10.0,900,5.643856,"[{""value"": 27, ""count"": 10}, {""value"": 23, ""count"": 10}, {""value"": 55, ""count"": 10}]","[2, 3, 4, 5, 6, 7, 8, 9, 10, 11, 12, 13, 14, 15, 16, 17, 18, 19, 20, 21]","{""min"": 1, ""max"": 100, ""avg"": 50.5, ""sum"": 50500.0, ""stddev"": 28.86607004772212, ""p25"": 25.75, ""median"": 50.5, ""p75"": 75.25, ""iqr"": 49.5, ""range"": 99.0, ""zero_count"": 0, ""negative_count"": 0}",{},{},{}
postgres,localhost,5432,ehs_client,public,6,30,5,event_log,"The event_log table captures significant events that occur within an organization, including staff activities, system changes, and security incidents. It stores information about the event category, risk level, and the staff member involved, providing valuable insights into operational efficiency and potential security threats. This table is commonly used in analytics and business workflows to monitor system performance, identify trends, and inform decision-making.",1000,event_pk,integer,numeric,"The event_pk column represents a unique identifier for each event record, enabling efficient data retrieval and analysis. It stores integer values, which are used to track event records and facilitate data aggregation. This column is essential for evaluating event effectiveness and identifying areas for improvement.",1000,1000,0,0.0,1000,100.0,0,5.643856,"[{""value"": 273, ""count"": 1}, {""value"": 51, ""count"": 1}, {""value"": 652, ""count"": 1}]","[1, 2, 3, 4, 5, 6, 7, 8, 9, 10, 11, 12, 13, 14, 15, 16, 17, 18, 19, 20]","{""min"": 1, ""max"": 1000, ""avg"": 500.5, ""sum"": 500500.0, ""stddev"": 288.67499025721, ""p25"": 250.75, ""median"": 500.5, ""p75"": 750.25, ""iqr"": 499.5, ""range"": 999.0, ""zero_count"": 0, ""negative_count"": 0}",{},{},{}
postgres,localhost,5432,ehs_client,public,6,30,5,event_log,"The event_log table captures significant events that occur within an organization, including staff activities, system changes, and security incidents. It stores information about the event category, risk level, and the staff member involved, providing valuable insights into operational efficiency and potential security threats. This table is commonly used in analytics and business workflows to monitor system performance, identify trends, and inform decision-making.",1000,staff_fk,integer,numeric,"The staff_fk column represents the staff member involved in each event record, enabling organizations to track event activities and identify areas for improvement. It stores integer values, which are used to link event records to staff-level data and facilitate data analysis. This column is crucial for evaluating event effectiveness and informing talent development strategies.",1000,1000,0,0.0,1000,100.0,0,5.643856,"[{""value"": 273, ""count"": 1}, {""value"": 51, ""count"": 1}, {""value"": 652, ""count"": 1}]","[2, 3, 4, 5, 6, 7, 8, 9, 10, 11, 12, 13, 14, 15, 16, 17, 18, 19, 20, 21]","{""min"": 1, ""max"": 1000, ""avg"": 500.5, ""sum"": 500500.0, ""stddev"": 288.67499025721, ""p25"": 250.75, ""median"": 500.5, ""p75"": 750.25, ""iqr"": 499.5, ""range"": 999.0, ""zero_count"": 0, ""negative_count"": 0}",{},{},{}
postgres,localhost,5432,ehs_client,public,6,30,5,event_log,"The event_log table captures significant events that occur within an organization, including staff activities, system changes, and security incidents. It stores information about the event category, risk level, and the staff member involved, providing valuable insights into operational efficiency and potential security threats. This table is commonly used in analytics and business workflows to monitor system performance, identify trends, and inform decision-making.",1000,event_dt,date,datetime,"The event_dt column represents the date of each event record, enabling organizations to track event activities over time. It stores date values, which are used to analyze event trends and identify areas for improvement. This column is essential for evaluating event effectiveness and informing strategic planning.",1000,1000,0,0.0,365,36.5,635,5.643856,"[{""value"": ""2025-11-24"", ""count"": 3}, {""value"": ""2025-10-22"", ""count"": 3}, {""value"": ""2025-05-22"", ""count"": 3}]","[""2026-01-21"", ""2026-01-20"", ""2026-01-19"", ""2026-01-18"", ""2026-01-17"", ""2026-01-16"", ""2026-01-15"", ""2026-01-14"", ""2026-01-13"", ""2026-01-12"", ""2026-01-11"", ""2026-01-10"", ""2026-01-09"", ""2026-01-08"", ""2026-01-07"", ""2026-01-06"", ""2026-01-05"", ""2026-01-04"", ""2026-01-03"", ""2026-01-02""]",{},{},"{""min_date"": ""2025-01-23"", ""max_date"": ""2026-01-22"", ""range_days"": 364, ""weekday_distribution"": {""Thursday"": 144, ""Tuesday"": 143, ""Wednesday"": 143, ""Sunday"": 143, ""Monday"": 143, ""Saturday"": 142, ""Friday"": 142}, ""most_common_weekday"": ""Thursday"", ""month_distribution"": {""5"": 93, ""10"": 93, ""7"": 93, ""8"": 93, ""12"": 93, ""11"": 90, ""6"": 90, ""9"": 90, ""1"": 83, ""4"": 64, ""3"": 62, ""2"": 56}, ""most_common_month"": 5, ""weekend_count"": 285}",{}
postgres,localhost,5432,ehs_client,public,6,30,5,event_log,"The event_log table captures significant events that occur within an organization, including staff activities, system changes, and security incidents. It stores information about the event category, risk level, and the staff member involved, providing valuable insights into operational efficiency and potential security threats. This table is commonly used in analytics and business workflows to monitor system performance, identify trends, and inform decision-making.",1000,event_category,character varying,text,"The event_category column represents the category of each event record, enabling organizations to track event activities and identify areas for improvement. It stores character varying values, which are used to capture event-related information and facilitate data analysis. This column is crucial for evaluating event effectiveness and informing business development strategies.",1000,1000,0,0.0,10,1.0,990,3.321928,"[{""value"": ""Category_9"", ""count"": 100}, {""value"": ""Category_6"", ""count"": 100}, {""value"": ""Category_3"", ""count"": 100}]","[""Category_1"", ""Category_2"", ""Category_3"", ""Category_4"", ""Category_5"", ""Category_6"", ""Category_7"", ""Category_8"", ""Category_9"", ""Category_0"", ""Category_1"", ""Category_2"", ""Category_3"", ""Category_4"", ""Category_5"", ""Category_6"", ""Category_7"", ""Category_8"", ""Category_9"", ""Category_0""]",{},"{""min_length"": 10, ""max_length"": 10, ""avg_length"": 10.0, ""empty_string_count"": 0, ""digit_only_count"": 0, ""alpha_only_count"": 0, ""alnum_only_count"": 0, ""email_like_count"": 0}",{},{}
postgres,localhost,5432,ehs_client,public,6,30,5,event_log,"The event_log table captures significant events that occur within an organization, including staff activities, system changes, and security incidents. It stores information about the event category, risk level, and the staff member involved, providing valuable insights into operational efficiency and potential security threats. This table is commonly used in analytics and business workflows to monitor system performance, identify trends, and inform decision-making.",1000,risk_level,integer,numeric,"The risk_level column represents the risk level associated with each event record, enabling organizations to evaluate event effectiveness and identify areas for improvement. It stores integer values, which are used to track risk levels and facilitate data analysis. This column is essential for evaluating event effectiveness and informing strategic planning.",1000,1000,0,0.0,5,0.5,995,2.321928,"[{""value"": 1, ""count"": 200}, {""value"": 3, ""count"": 200}, {""value"": 5, ""count"": 200}]","[2, 3, 4, 5, 1, 2, 3, 4, 5, 1, 2, 3, 4, 5, 1, 2, 3, 4, 5, 1]","{""min"": 1, ""max"": 5, ""avg"": 3.0, ""sum"": 3000.0, ""stddev"": 1.414213562373095, ""p25"": 2.0, ""median"": 3.0, ""p75"": 4.0, ""iqr"": 2.0, ""range"": 4.0, ""zero_count"": 0, ""negative_count"": 0}",{},{},{}
postgres,localhost,5432,ehs_client,public,6,30,5,learning_records,"The learning_records table represents a record of staff training and development activities. It stores information about the course name, completion status, and the staff member involved, enabling organizations to track employee skill development and identify areas for further training. This table is typically used in analytics and business workflows to evaluate training effectiveness, identify knowledge gaps, and inform talent development strategies.",1000,learning_pk,integer,numeric,"The learning_pk column represents a unique identifier for each learning record, enabling efficient data retrieval and analysis. It stores integer values, which are used to track learning records and facilitate data aggregation. This column is crucial for evaluating learning effectiveness and identifying areas for improvement.",1000,1000,0,0.0,1000,100.0,0,5.643856,"[{""value"": 273, ""count"": 1}, {""value"": 51, ""count"": 1}, {""value"": 652, ""count"": 1}]","[1, 2, 3, 4, 5, 6, 7, 8, 9, 10, 11, 12, 13, 14, 15, 16, 17, 18, 19, 20]","{""min"": 1, ""max"": 1000, ""avg"": 500.5, ""sum"": 500500.0, ""stddev"": 288.67499025721, ""p25"": 250.75, ""median"": 500.5, ""p75"": 750.25, ""iqr"": 499.5, ""range"": 999.0, ""zero_count"": 0, ""negative_count"": 0}",{},{},{}
postgres,localhost,5432,ehs_client,public,6,30,5,learning_records,"The learning_records table represents a record of staff training and development activities. It stores information about the course name, completion status, and the staff member involved, enabling organizations to track employee skill development and identify areas for further training. This table is typically used in analytics and business workflows to evaluate training effectiveness, identify knowledge gaps, and inform talent development strategies.",1000,staff_fk,integer,numeric,"The staff_fk column represents the staff member involved in each learning record, enabling organizations to track learning activities and identify areas for improvement. It stores integer values, which are used to link learning records to staff-level data and facilitate data analysis. This column is essential for evaluating learning effectiveness and informing talent development strategies.",1000,1000,0,0.0,1000,100.0,0,5.643856,"[{""value"": 273, ""count"": 1}, {""value"": 51, ""count"": 1}, {""value"": 652, ""count"": 1}]","[2, 3, 4, 5, 6, 7, 8, 9, 10, 11, 12, 13, 14, 15, 16, 17, 18, 19, 20, 21]","{""min"": 1, ""max"": 1000, ""avg"": 500.5, ""sum"": 500500.0, ""stddev"": 288.67499025721, ""p25"": 250.75, ""median"": 500.5, ""p75"": 750.25, ""iqr"": 499.5, ""range"": 999.0, ""zero_count"": 0, ""negative_count"": 0}",{},{},{}
postgres,localhost,5432,ehs_client,public,6,30,5,learning_records,"The learning_records table represents a record of staff training and development activities. It stores information about the course name, completion status, and the staff member involved, enabling organizations to track employee skill development and identify areas for further training. This table is typically used in analytics and business workflows to evaluate training effectiveness, identify knowledge gaps, and inform talent development strategies.",1000,course_name,character varying,text,"The course_name column represents the name of each course taken by staff members, enabling organizations to track learning activities and identify areas for improvement. It stores character varying values, which are used to capture course-related information and facilitate data analysis. This column is crucial for evaluating learning effectiveness and informing business development strategies.",1000,1000,0,0.0,30,3.0,970,4.843856,"[{""value"": ""Course_3"", ""count"": 34}, {""value"": ""Course_8"", ""count"": 34}, {""value"": ""Course_4"", ""count"": 34}]","[""Course_1"", ""Course_2"", ""Course_3"", ""Course_4"", ""Course_5"", ""Course_6"", ""Course_7"", ""Course_8"", ""Course_9"", ""Course_10"", ""Course_11"", ""Course_12"", ""Course_13"", ""Course_14"", ""Course_15"", ""Course_16"", ""Course_17"", ""Course_18"", ""Course_19"", ""Course_20""]",{},"{""min_length"": 8, ""max_length"": 9, ""avg_length"": 8.661, ""empty_string_count"": 0, ""digit_only_count"": 0, ""alpha_only_count"": 0, ""alnum_only_count"": 0, ""email_like_count"": 0}",{},{}
postgres,localhost,5432,ehs_client,public,6,30,5,learning_records,"The learning_records table represents a record of staff training and development activities. It stores information about the course name, completion status, and the staff member involved, enabling organizations to track employee skill development and identify areas for further training. This table is typically used in analytics and business workflows to evaluate training effectiveness, identify knowledge gaps, and inform talent development strategies.",1000,course_dt,date,datetime,"The course_dt column represents the date of each course taken by staff members, enabling organizations to track learning activities over time. It stores date values, which are used to analyze learning trends and identify areas for improvement. This column is essential for evaluating learning effectiveness and informing strategic planning.",1000,1000,0,0.0,365,36.5,635,5.643856,"[{""value"": ""2025-11-24"", ""count"": 3}, {""value"": ""2025-10-22"", ""count"": 3}, {""value"": ""2025-05-22"", ""count"": 3}]","[""2026-01-21"", ""2026-01-20"", ""2026-01-19"", ""2026-01-18"", ""2026-01-17"", ""2026-01-16"", ""2026-01-15"", ""2026-01-14"", ""2026-01-13"", ""2026-01-12"", ""2026-01-11"", ""2026-01-10"", ""2026-01-09"", ""2026-01-08"", ""2026-01-07"", ""2026-01-06"", ""2026-01-05"", ""2026-01-04"", ""2026-01-03"", ""2026-01-02""]",{},{},"{""min_date"": ""2025-01-23"", ""max_date"": ""2026-01-22"", ""range_days"": 364, ""weekday_distribution"": {""Thursday"": 144, ""Tuesday"": 143, ""Wednesday"": 143, ""Sunday"": 143, ""Monday"": 143, ""Saturday"": 142, ""Friday"": 142}, ""most_common_weekday"": ""Thursday"", ""month_distribution"": {""5"": 93, ""10"": 93, ""7"": 93, ""8"": 93, ""12"": 93, ""11"": 90, ""6"": 90, ""9"": 90, ""1"": 83, ""4"": 64, ""3"": 62, ""2"": 56}, ""most_common_month"": 5, ""weekend_count"": 285}",{}
postgres,localhost,5432,ehs_client,public,6,30,5,learning_records,"The learning_records table represents a record of staff training and development activities. It stores information about the course name, completion status, and the staff member involved, enabling organizations to track employee skill development and identify areas for further training. This table is typically used in analytics and business workflows to evaluate training effectiveness, identify knowledge gaps, and inform talent development strategies.",1000,completion_status,character varying,text,"The completion_status column represents the completion status of each course taken by staff members, enabling organizations to track learning activities and identify areas for improvement. It stores character varying values, which are used to capture completion-related information and facilitate data analysis. This column is crucial for evaluating learning effectiveness and informing talent development strategies.",1000,1000,0,0.0,2,0.2,998,1.0,"[{""value"": ""OPEN"", ""count"": 500}, {""value"": ""DONE"", ""count"": 500}]","[""OPEN"", ""DONE"", ""OPEN"", ""DONE"", ""OPEN"", ""DONE"", ""OPEN"", ""DONE"", ""OPEN"", ""DONE"", ""OPEN"", ""DONE"", ""OPEN"", ""DONE"", ""OPEN"", ""DONE"", ""OPEN"", ""DONE"", ""OPEN"", ""DONE""]",{},"{""min_length"": 4, ""max_length"": 4, ""avg_length"": 4.0, ""empty_string_count"": 0, ""digit_only_count"": 0, ""alpha_only_count"": 1000, ""alnum_only_count"": 1000, ""email_like_count"": 0}",{},{}
postgres,localhost,5432,ehs_client,public,6,30,5,org_units,"The org_units table represents a hierarchical structure of organizational units within an organization. It stores information about the unit title, site affiliation, and unit head, providing a clear picture of the organizational hierarchy and enabling effective communication and decision-making. This table is commonly used in analytics and business workflows to track organizational changes, identify reporting lines, and inform strategic planning.",1000,unit_pk,integer,numeric,"The unit_pk column represents a unique identifier for each organizational unit, enabling efficient data retrieval and analysis. It stores integer values, which are used to track unit-level data and facilitate data aggregation. This column is essential for evaluating organizational structure and identifying areas for improvement.",1000,1000,0,0.0,1000,100.0,0,5.643856,"[{""value"": 273, ""count"": 1}, {""value"": 51, ""count"": 1}, {""value"": 652, ""count"": 1}]","[1, 2, 3, 4, 5, 6, 7, 8, 9, 10, 11, 12, 13, 14, 15, 16, 17, 18, 19, 20]","{""min"": 1, ""max"": 1000, ""avg"": 500.5, ""sum"": 500500.0, ""stddev"": 288.67499025721, ""p25"": 250.75, ""median"": 500.5, ""p75"": 750.25, ""iqr"": 499.5, ""range"": 999.0, ""zero_count"": 0, ""negative_count"": 0}",{},{},{}
postgres,localhost,5432,ehs_client,public,6,30,5,org_units,"The org_units table represents a hierarchical structure of organizational units within an organization. It stores information about the unit title, site affiliation, and unit head, providing a clear picture of the organizational hierarchy and enabling effective communication and decision-making. This table is commonly used in analytics and business workflows to track organizational changes, identify reporting lines, and inform strategic planning.",1000,unit_title,character varying,text,"The unit_title column represents the title of each organizational unit, enabling organizations to track unit-level data and identify areas for improvement. It stores character varying values, which are used to capture unit-related information and facilitate data analysis. This column is crucial for evaluating organizational structure and informing strategic planning.",1000,1000,0,0.0,1000,100.0,0,5.643856,"[{""value"": ""Unit_133"", ""count"": 1}, {""value"": ""Unit_431"", ""count"": 1}, {""value"": ""Unit_892"", ""count"": 1}]","[""Unit_1"", ""Unit_2"", ""Unit_3"", ""Unit_4"", ""Unit_5"", ""Unit_6"", ""Unit_7"", ""Unit_8"", ""Unit_9"", ""Unit_10"", ""Unit_11"", ""Unit_12"", ""Unit_13"", ""Unit_14"", ""Unit_15"", ""Unit_16"", ""Unit_17"", ""Unit_18"", ""Unit_19"", ""Unit_20""]",{},"{""min_length"": 6, ""max_length"": 9, ""avg_length"": 7.893, ""empty_string_count"": 0, ""digit_only_count"": 0, ""alpha_only_count"": 0, ""alnum_only_count"": 0, ""email_like_count"": 0}",{},{}
postgres,localhost,5432,ehs_client,public,6,30,5,org_units,"The org_units table represents a hierarchical structure of organizational units within an organization. It stores information about the unit title, site affiliation, and unit head, providing a clear picture of the organizational hierarchy and enabling effective communication and decision-making. This table is commonly used in analytics and business workflows to track organizational changes, identify reporting lines, and inform strategic planning.",1000,site_fk,integer,numeric,"The site_fk column represents the site affiliation of each organizational unit, enabling organizations to track unit-level data and identify areas for improvement. It stores integer values, which are used to link unit records to site-level data and facilitate data analysis. This column is essential for evaluating site-level organizational structure and informing business development strategies.",1000,1000,0,0.0,1000,100.0,0,5.643856,"[{""value"": 273, ""count"": 1}, {""value"": 51, ""count"": 1}, {""value"": 652, ""count"": 1}]","[2, 3, 4, 5, 6, 7, 8, 9, 10, 11, 12, 13, 14, 15, 16, 17, 18, 19, 20, 21]","{""min"": 1, ""max"": 1000, ""avg"": 500.5, ""sum"": 500500.0, ""stddev"": 288.67499025721, ""p25"": 250.75, ""median"": 500.5, ""p75"": 750.25, ""iqr"": 499.5, ""range"": 999.0, ""zero_count"": 0, ""negative_count"": 0}",{},{},{}
postgres,localhost,5432,ehs_client,public,6,30,5,org_units,"The org_units table represents a hierarchical structure of organizational units within an organization. It stores information about the unit title, site affiliation, and unit head, providing a clear picture of the organizational hierarchy and enabling effective communication and decision-making. This table is commonly used in analytics and business workflows to track organizational changes, identify reporting lines, and inform strategic planning.",1000,unit_head,character varying,text,"The unit_head column represents the head of each organizational unit, enabling organizations to track unit-level data and identify areas for improvement. It stores character varying values, which are used to capture unit-related information and facilitate data analysis. This column is crucial for evaluating organizational structure and informing talent development strategies.",1000,1000,0,0.0,1000,100.0,0,5.643856,"[{""value"": ""Head_75"", ""count"": 1}, {""value"": ""Head_30"", ""count"": 1}, {""value"": ""Head_161"", ""count"": 1}]","[""Head_1"", ""Head_2"", ""Head_3"", ""Head_4"", ""Head_5"", ""Head_6"", ""Head_7"", ""Head_8"", ""Head_9"", ""Head_10"", ""Head_11"", ""Head_12"", ""Head_13"", ""Head_14"", ""Head_15"", ""Head_16"", ""Head_17"", ""Head_18"", ""Head_19"", ""Head_20""]",{},"{""min_length"": 6, ""max_length"": 9, ""avg_length"": 7.893, ""empty_string_count"": 0, ""digit_only_count"": 0, ""alpha_only_count"": 0, ""alnum_only_count"": 0, ""email_like_count"": 0}",{},{}
postgres,localhost,5432,ehs_client,public,6,30,5,org_units,"The org_units table represents a hierarchical structure of organizational units within an organization. It stores information about the unit title, site affiliation, and unit head, providing a clear picture of the organizational hierarchy and enabling effective communication and decision-making. This table is commonly used in analytics and business workflows to track organizational changes, identify reporting lines, and inform strategic planning.",1000,created_on,timestamp without time zone,datetime,"The created_on column represents the creation date of each organizational unit, enabling organizations to track unit-level data and identify areas for improvement. It stores timestamp values, which are used to analyze unit trends and identify areas for improvement. This column is essential for evaluating organizational structure and informing strategic planning.",1000,1000,0,0.0,1000,100.0,0,5.643856,"[{""value"": ""2024-10-31T09:48:33.118704"", ""count"": 1}, {""value"": ""2025-05-08T09:48:33.118704"", ""count"": 1}, {""value"": ""2025-09-02T09:48:33.118704"", ""count"": 1}]","[""2026-01-21T09:48:33.118704"", ""2026-01-20T09:48:33.118704"", ""2026-01-19T09:48:33.118704"", ""2026-01-18T09:48:33.118704"", ""2026-01-17T09:48:33.118704"", ""2026-01-16T09:48:33.118704"", ""2026-01-15T09:48:33.118704"", ""2026-01-14T09:48:33.118704"", ""2026-01-13T09:48:33.118704"", ""2026-01-12T09:48:33.118704"", ""2026-01-11T09:48:33.118704"", ""2026-01-10T09:48:33.118704"", ""2026-01-09T09:48:33.118704"", ""2026-01-08T09:48:33.118704"", ""2026-01-07T09:48:33.118704"", ""2026-01-06T09:48:33.118704"", ""2026-01-05T09:48:33.118704"", ""2026-01-04T09:48:33.118704"", ""2026-01-03T09:48:33.118704"", ""2026-01-02T09:48:33.118704""]",{},{},"{""min_date"": ""2023-04-28T09:48:33.118704"", ""max_date"": ""2026-01-21T09:48:33.118704"", ""range_days"": null, ""weekday_distribution"": {""Monday"": 143, ""Wednesday"": 143, ""Friday"": 143, ""Tuesday"": 143, ""Saturday"": 143, ""Sunday"": 143, ""Thursday"": 142}, ""most_common_weekday"": ""Monday"", ""month_distribution"": {""8"": 93, ""10"": 93, ""7"": 93, ""12"": 93, ""5"": 93, ""6"": 90, ""9"": 90, ""11"": 90, ""1"": 83, ""4"": 63, ""3"": 62, ""2"": 57}, ""most_common_month"": 8, ""weekend_count"": 286}",{}
postgres,localhost,5432,ehs_client,public,6,30,5,site_master,"The site_master table represents a list of sites operated by an organization, including their titles, locations, and creation dates. It stores information about the site title, nation, region, and creation date, enabling organizations to track site-level data and make informed decisions about resource allocation and strategic planning. This table is typically used in analytics and business workflows to monitor site performance, identify trends, and inform business development strategies.",1000,site_pk,integer,numeric,"The site_pk column represents a unique identifier for each site, enabling efficient data retrieval and analysis. It stores integer values, which are used to track site-level data and facilitate data aggregation. This column is crucial for evaluating site-level performance and identifying areas for improvement.",1000,1000,0,0.0,1000,100.0,0,5.643856,"[{""value"": 273, ""count"": 1}, {""value"": 51, ""count"": 1}, {""value"": 652, ""count"": 1}]","[1, 2, 3, 4, 5, 6, 7, 8, 9, 10, 11, 12, 13, 14, 15, 16, 17, 18, 19, 20]","{""min"": 1, ""max"": 1000, ""avg"": 500.5, ""sum"": 500500.0, ""stddev"": 288.67499025721, ""p25"": 250.75, ""median"": 500.5, ""p75"": 750.25, ""iqr"": 499.5, ""range"": 999.0, ""zero_count"": 0, ""negative_count"": 0}",{},{},{}
postgres,localhost,5432,ehs_client,public,6,30,5,site_master,"The site_master table represents a list of sites operated by an organization, including their titles, locations, and creation dates. It stores information about the site title, nation, region, and creation date, enabling organizations to track site-level data and make informed decisions about resource allocation and strategic planning. This table is typically used in analytics and business workflows to monitor site performance, identify trends, and inform business development strategies.",1000,site_title,character varying,text,"The site_title column represents the title of each site, enabling organizations to track site-level data and identify areas for improvement. It stores character varying values, which are used to capture site-related information and facilitate data analysis. This column is essential for evaluating site-level performance and informing business development strategies.",1000,1000,0,0.0,1000,100.0,0,5.643856,"[{""value"": ""Site_996"", ""count"": 1}, {""value"": ""Site_666"", ""count"": 1}, {""value"": ""Site_158"", ""count"": 1}]","[""Site_1"", ""Site_2"", ""Site_3"", ""Site_4"", ""Site_5"", ""Site_6"", ""Site_7"", ""Site_8"", ""Site_9"", ""Site_10"", ""Site_11"", ""Site_12"", ""Site_13"", ""Site_14"", ""Site_15"", ""Site_16"", ""Site_17"", ""Site_18"", ""Site_19"", ""Site_20""]",{},"{""min_length"": 6, ""max_length"": 9, ""avg_length"": 7.893, ""empty_string_count"": 0, ""digit_only_count"": 0, ""alpha_only_count"": 0, ""alnum_only_count"": 0, ""email_like_count"": 0}",{},{}
postgres,localhost,5432,ehs_client,public,6,30,5,site_master,"The site_master table represents a list of sites operated by an organization, including their titles, locations, and creation dates. It stores information about the site title, nation, region, and creation date, enabling organizations to track site-level data and make informed decisions about resource allocation and strategic planning. This table is typically used in analytics and business workflows to monitor site performance, identify trends, and inform business development strategies.",1000,nation,character varying,text,"The nation column represents the nation associated with each site, enabling organizations to track site-level data and identify areas for improvement. It stores character varying values, which are used to capture site-related information and facilitate data analysis. This column is crucial for evaluating site-level performance and informing strategic planning.",1000,1000,0,0.0,1,0.1,999,0.0,"[{""value"": ""USA"", ""count"": 1000}]","[""USA"", ""USA"", ""USA"", ""USA"", ""USA"", ""USA"", ""USA"", ""USA"", ""USA"", ""USA"", ""USA"", ""USA"", ""USA"", ""USA"", ""USA"", ""USA"", ""USA"", ""USA"", ""USA"", ""USA""]",{},"{""min_length"": 3, ""max_length"": 3, ""avg_length"": 3.0, ""empty_string_count"": 0, ""digit_only_count"": 0, ""alpha_only_count"": 1000, ""alnum_only_count"": 1000, ""email_like_count"": 0}",{},{}
postgres,localhost,5432,ehs_client,public,6,30,5,site_master,"The site_master table represents a list of sites operated by an organization, including their titles, locations, and creation dates. It stores information about the site title, nation, region, and creation date, enabling organizations to track site-level data and make informed decisions about resource allocation and strategic planning. This table is typically used in analytics and business workflows to monitor site performance, identify trends, and inform business development strategies.",1000,region,character varying,text,"The region column represents the region associated with each site, enabling organizations to track site-level data and identify areas for improvement. It stores character varying values, which are used to capture site-related information and facilitate data analysis. This column is essential for evaluating site-level performance and informing business development strategies.",1000,1000,0,0.0,50,5.0,950,5.643856,"[{""value"": ""Region_38"", ""count"": 20}, {""value"": ""Region_24"", ""count"": 20}, {""value"": ""Region_15"", ""count"": 20}]","[""Region_1"", ""Region_2"", ""Region_3"", ""Region_4"", ""Region_5"", ""Region_6"", ""Region_7"", ""Region_8"", ""Region_9"", ""Region_10"", ""Region_11"", ""Region_12"", ""Region_13"", ""Region_14"", ""Region_15"", ""Region_16"", ""Region_17"", ""Region_18"", ""Region_19"", ""Region_20""]",{},"{""min_length"": 8, ""max_length"": 9, ""avg_length"": 8.8, ""empty_string_count"": 0, ""digit_only_count"": 0, ""alpha_only_count"": 0, ""alnum_only_count"": 0, ""email_like_count"": 0}",{},{}
postgres,localhost,5432,ehs_client,public,6,30,5,site_master,"The site_master table represents a list of sites operated by an organization, including their titles, locations, and creation dates. It stores information about the site title, nation, region, and creation date, enabling organizations to track site-level data and make informed decisions about resource allocation and strategic planning. This table is typically used in analytics and business workflows to monitor site performance, identify trends, and inform business development strategies.",1000,created_on,timestamp without time zone,datetime,"The created_on column represents the creation date of each site, enabling organizations to track site-level data and identify areas for improvement. It stores timestamp values, which are used to analyze site trends and identify areas for improvement. This column is crucial for evaluating site-level performance and informing strategic planning.",1000,1000,0,0.0,1000,100.0,0,5.643856,"[{""value"": ""2024-02-22T09:48:33.114094"", ""count"": 1}, {""value"": ""2024-12-29T09:48:33.114094"", ""count"": 1}, {""value"": ""2024-09-02T09:48:33.114094"", ""count"": 1}]","[""2026-01-21T09:48:33.114094"", ""2026-01-20T09:48:33.114094"", ""2026-01-19T09:48:33.114094"", ""2026-01-18T09:48:33.114094"", ""2026-01-17T09:48:33.114094"", ""2026-01-16T09:48:33.114094"", ""2026-01-15T09:48:33.114094"", ""2026-01-14T09:48:33.114094"", ""2026-01-13T09:48:33.114094"", ""2026-01-12T09:48:33.114094"", ""2026-01-11T09:48:33.114094"", ""2026-01-10T09:48:33.114094"", ""2026-01-09T09:48:33.114094"", ""2026-01-08T09:48:33.114094"", ""2026-01-07T09:48:33.114094"", ""2026-01-06T09:48:33.114094"", ""2026-01-05T09:48:33.114094"", ""2026-01-04T09:48:33.114094"", ""2026-01-03T09:48:33.114094"", ""2026-01-02T09:48:33.114094""]",{},{},"{""min_date"": ""2023-04-28T09:48:33.114094"", ""max_date"": ""2026-01-21T09:48:33.114094"", ""range_days"": null, ""weekday_distribution"": {""Monday"": 143, ""Wednesday"": 143, ""Friday"": 143, ""Tuesday"": 143, ""Saturday"": 143, ""Sunday"": 143, ""Thursday"": 142}, ""most_common_weekday"": ""Monday"", ""month_distribution"": {""8"": 93, ""10"": 93, ""7"": 93, ""12"": 93, ""5"": 93, ""6"": 90, ""9"": 90, ""11"": 90, ""1"": 83, ""4"": 63, ""3"": 62, ""2"": 57}, ""most_common_month"": 8, ""weekend_count"": 286}",{}
postgres,localhost,5432,ehs_client,public,6,30,5,staff,"The staff table represents a list of employees within an organization, including their names, roles, and affiliations. It stores information about the staff member's full name, unit affiliation, role, and joining date, providing a comprehensive view of the organizational workforce and enabling effective HR management. This table is commonly used in analytics and business workflows to track employee demographics, identify skill gaps, and inform talent development strategies.",1000,staff_pk,integer,numeric,"The staff_pk column represents a unique identifier for each staff member, enabling efficient data retrieval and analysis. It stores integer values, which are used to track staff-level data and facilitate data aggregation. This column is essential for evaluating staff demographics and identifying areas for improvement.",1000,1000,0,0.0,1000,100.0,0,5.643856,"[{""value"": 273, ""count"": 1}, {""value"": 51, ""count"": 1}, {""value"": 652, ""count"": 1}]","[1, 2, 3, 4, 5, 6, 7, 8, 9, 10, 11, 12, 13, 14, 15, 16, 17, 18, 19, 20]","{""min"": 1, ""max"": 1000, ""avg"": 500.5, ""sum"": 500500.0, ""stddev"": 288.67499025721, ""p25"": 250.75, ""median"": 500.5, ""p75"": 750.25, ""iqr"": 499.5, ""range"": 999.0, ""zero_count"": 0, ""negative_count"": 0}",{},{},{}
postgres,localhost,5432,ehs_client,public,6,30,5,staff,"The staff table represents a list of employees within an organization, including their names, roles, and affiliations. It stores information about the staff member's full name, unit affiliation, role, and joining date, providing a comprehensive view of the organizational workforce and enabling effective HR management. This table is commonly used in analytics and business workflows to track employee demographics, identify skill gaps, and inform talent development strategies.",1000,staff_fullname,character varying,text,"The staff_fullname column represents the full name of each staff member, enabling organizations to track staff-level data and identify areas for improvement. It stores character varying values, which are used to capture staff-related information and facilitate data analysis. This column is crucial for evaluating staff demographics and informing talent development strategies.",1000,1000,0,0.0,1000,100.0,0,5.643856,"[{""value"": ""Staff_758"", ""count"": 1}, {""value"": ""Staff_910"", ""count"": 1}, {""value"": ""Staff_619"", ""count"": 1}]","[""Staff_1"", ""Staff_2"", ""Staff_3"", ""Staff_4"", ""Staff_5"", ""Staff_6"", ""Staff_7"", ""Staff_8"", ""Staff_9"", ""Staff_10"", ""Staff_11"", ""Staff_12"", ""Staff_13"", ""Staff_14"", ""Staff_15"", ""Staff_16"", ""Staff_17"", ""Staff_18"", ""Staff_19"", ""Staff_20""]",{},"{""min_length"": 7, ""max_length"": 10, ""avg_length"": 8.893, ""empty_string_count"": 0, ""digit_only_count"": 0, ""alpha_only_count"": 0, ""alnum_only_count"": 0, ""email_like_count"": 0}",{},{}
postgres,localhost,5432,ehs_client,public,6,30,5,staff,"The staff table represents a list of employees within an organization, including their names, roles, and affiliations. It stores information about the staff member's full name, unit affiliation, role, and joining date, providing a comprehensive view of the organizational workforce and enabling effective HR management. This table is commonly used in analytics and business workflows to track employee demographics, identify skill gaps, and inform talent development strategies.",1000,unit_fk,integer,numeric,"The unit_fk column represents the unit affiliation of each staff member, enabling organizations to track staff-level data and identify areas for improvement. It stores integer values, which are used to link staff records to unit-level data and facilitate data analysis. This column is essential for evaluating staff demographics and informing business development strategies.",1000,1000,0,0.0,1000,100.0,0,5.643856,"[{""value"": 273, ""count"": 1}, {""value"": 51, ""count"": 1}, {""value"": 652, ""count"": 1}]","[2, 3, 4, 5, 6, 7, 8, 9, 10, 11, 12, 13, 14, 15, 16, 17, 18, 19, 20, 21]","{""min"": 1, ""max"": 1000, ""avg"": 500.5, ""sum"": 500500.0, ""stddev"": 288.67499025721, ""p25"": 250.75, ""median"": 500.5, ""p75"": 750.25, ""iqr"": 499.5, ""range"": 999.0, ""zero_count"": 0, ""negative_count"": 0}",{},{},{}
postgres,localhost,5432,ehs_client,public,6,30,5,staff,"The staff table represents a list of employees within an organization, including their names, roles, and affiliations. It stores information about the staff member's full name, unit affiliation, role, and joining date, providing a comprehensive view of the organizational workforce and enabling effective HR management. This table is commonly used in analytics and business workflows to track employee demographics, identify skill gaps, and inform talent development strategies.",1000,role_name,character varying,text,"The role_name column represents the role of each staff member, enabling organizations to track staff-level data and identify areas for improvement. It stores character varying values, which are used to capture staff-related information and facilitate data analysis. This column is crucial for evaluating staff demographics and informing talent development strategies.",1000,1000,0,0.0,20,2.0,980,4.292879,"[{""value"": ""Role_6"", ""count"": 50}, {""value"": ""Role_17"", ""count"": 50}, {""value"": ""Role_5"", ""count"": 50}]","[""Role_1"", ""Role_2"", ""Role_3"", ""Role_4"", ""Role_5"", ""Role_6"", ""Role_7"", ""Role_8"", ""Role_9"", ""Role_10"", ""Role_11"", ""Role_12"", ""Role_13"", ""Role_14"", ""Role_15"", ""Role_16"", ""Role_17"", ""Role_18"", ""Role_19"", ""Role_0""]",{},"{""min_length"": 6, ""max_length"": 7, ""avg_length"": 6.5, ""empty_string_count"": 0, ""digit_only_count"": 0, ""alpha_only_count"": 0, ""alnum_only_count"": 0, ""email_like_count"": 0}",{},{}
postgres,localhost,5432,ehs_client,public,6,30,5,staff,"The staff table represents a list of employees within an organization, including their names, roles, and affiliations. It stores information about the staff member's full name, unit affiliation, role, and joining date, providing a comprehensive view of the organizational workforce and enabling effective HR management. This table is commonly used in analytics and business workflows to track employee demographics, identify skill gaps, and inform talent development strategies.",1000,joining_date,date,datetime,"The joining_date column represents the joining date of each staff member, enabling organizations to track staff-level data and identify areas for improvement. It stores date values, which are used to analyze staff trends and identify areas for improvement. This column is essential for evaluating staff demographics and informing strategic planning.",1000,1000,0,0.0,1000,100.0,0,5.643856,"[{""value"": ""2023-06-08"", ""count"": 1}, {""value"": ""2023-06-10"", ""count"": 1}, {""value"": ""2025-11-24"", ""count"": 1}]","[""2026-01-21"", ""2026-01-20"", ""2026-01-19"", ""2026-01-18"", ""2026-01-17"", ""2026-01-16"", ""2026-01-15"", ""2026-01-14"", ""2026-01-13"", ""2026-01-12"", ""2026-01-11"", ""2026-01-10"", ""2026-01-09"", ""2026-01-08"", ""2026-01-07"", ""2026-01-06"", ""2026-01-05"", ""2026-01-04"", ""2026-01-03"", ""2026-01-02""]",{},{},"{""min_date"": ""2023-04-28"", ""max_date"": ""2026-01-21"", ""range_days"": 999, ""weekday_distribution"": {""Monday"": 143, ""Wednesday"": 143, ""Friday"": 143, ""Tuesday"": 143, ""Saturday"": 143, ""Sunday"": 143, ""Thursday"": 142}, ""most_common_weekday"": ""Monday"", ""month_distribution"": {""8"": 93, ""10"": 93, ""7"": 93, ""12"": 93, ""5"": 93, ""6"": 90, ""9"": 90, ""11"": 90, ""1"": 83, ""4"": 63, ""3"": 62, ""2"": 57}, ""most_common_month"": 8, ""weekend_count"": 286}",{}
